Top Number,Headline,Link,Most Read,Content
1,"Hasil Piala Thomas: Lalui Drama 75 Menit, Jojo Bawa Indonesia Menang 3-0 atas Malaysia ",https://www.kompas.com/badminton/read/2021/10/15/22181238/hasil-piala-thomas-lalui-drama-75-menit-jojo-bawa-indonesia-menang-3-0,Dibaca 34.743 kali,"KOMPAS.com - Tunggal putra Indonesia, Jonatan Christie, berhasil memastikan kemenangan Indonesia atas Malaysia pada perempat final atau 8 besar Piala Thomas 2020.
Jonatan Christie memastikan kemenangan Indonesia setelah mengatasi perlawanan tunggal putra Malaysia, Ng Tze Yong, pada partai ketiga perempat final Piala Thomas 2020 yang berlangsung di Ceres Arena, Aarhus, Denmark, Jumat (15/10/2021) malam WIB.
Dalam laga tersebut, Jonatan Christie mendapat perlawanan sengit dari Ng Tze Yong.
Setelah melalui drama rubber game berdurasi 75 menit, Jonatan Christie akhirnya mampu mengalahkan Ng Tze Yong dengan skor 14-21, 21-19, dan 21-16.
Hasil ini sekaligus memastikan kemenangan Indonesia pada perempat final Piala Thomas 2020.
Tim Thomas Indonesia sukses mengalahkan Malaysia dengan skor 3-0.
Sebelum Jonatan Christie, Indonesia sudah meraih dua poin dari Anthony Ginting (tunggal putra) dan Marcus Fernaldi Gideon/Kevin Sanjaya Sukamuljo (ganda putra).Dapatkan informasi, inspirasi dan insight di email kamu.Daftarkan email

 

    function getCookieNwsLetter(name){
        var re = new RegExp(name + ""=([^;]+)"");
        var value = re.exec(document.cookie);
        return (value != null) ? unescape(value[1]) : null;
    }
    
    function nwsLetterSubmit() { 
        var token = getCookieNwsLetter(""kmp_uid"");
        if (token !== null){
            window.location.href = ""https://www.kompas.com/newsletter/pendaftaran-berhasil"";
        }else{
            window.location.href = 'https://account.kompas.com/login/a29tcGFz/aHR0cHM6Ly93d3cua29tcGFzLmNvbS9uZXdzbGV0dGVyL3BlbmRhZnRhcmFuLWJlcmhhc2ls?source=gatenewsletter-kompascom&medium=kompas.com'; 
        }
    }



Dengan demikian, Indonesia berhak melaju ke semifinal Piala Thomas 2020, bertemu pemenang duel antara Denmark dan India.
Baca juga: Hasil Piala Thomas: Berjuang dengan Jari Terluka, Marcus/Kevin Bawa Indonesia Unggul 2-0
Jalannya pertandingan
Jonatan Christie punya keunggulan peringkat atas tunggal putra kedua Malaysia, Ng Tze Yong."
2,"Hasil Piala Thomas: Anthony Ginting Berhasil Revans, Indonesia Vs Malaysia 1-0",https://www.kompas.com/badminton/read/2021/10/15/19384668/hasil-piala-thomas-anthony-ginting-berhasil-revans-indonesia-vs,Dibaca 28.001 kali,"KOMPAS.com - Anthony Sinisuka Ginting berhasil melakukan revans atas tunggal putra Malaysia, Lee Zii Jia, pada partai pertama perempat final Piala Thomas 2020.
Duel antara Anthony Ginting dan Lee Zii Jia berlangsung di Lapangan 2 Ceres Arena, Aarhus, Denmark, pada Jumat (15/10/2021) malam WIB.
Hasilnya, Anthony Ginting sukses mengalahkan Lee Zii Jia lewat straight game atau dua gim langsung dengan skor 21-15 dan 21-17.
Anthony Ginting menyudahi perlawanan Lee Zii Jia dalam durasi 51 menit.
Hasil ini membuat Anthony Ginting berhasil melakukan revans atau membayar kekalahan yang sebelumnya dialami dari Lee Zii Jia pada perempat final Piala Sudirman, awal Oktober lalu.
Selain itu, Anthony Ginting berhasil membawa Indonesia unggul 1-0 atas Malaysia pada perempat final Piala Thomas 2020.
Setelah ini, perjuangan tim Thomas Indonesia akan dilanjutkan oleh Marcus Fernaldi Gideon/Kevin Sanjaya Sukamuljo.Dapatkan informasi, inspirasi dan insight di email kamu.Daftarkan email

 

    function getCookieNwsLetter(name){
        var re = new RegExp(name + ""=([^;]+)"");
        var value = re.exec(document.cookie);
        return (value != null) ? unescape(value[1]) : null;
    }
    
    function nwsLetterSubmit() { 
        var token = getCookieNwsLetter(""kmp_uid"");
        if (token !== null){
            window.location.href = ""https://www.kompas.com/newsletter/pendaftaran-berhasil"";
        }else{
            window.location.href = 'https://account.kompas.com/login/a29tcGFz/aHR0cHM6Ly93d3cua29tcGFzLmNvbS9uZXdzbGV0dGVyL3BlbmRhZnRhcmFuLWJlcmhhc2ls?source=gatenewsletter-kompascom&medium=kompas.com'; 
        }
    }



Marcus/Kevin bakal bersua ganda putra Malaysia, Aaron Chia/Soh Wooi Yik.
Baca juga: Line Up Indonesia Vs Malaysia di Piala Thomas - Marcus/Kevin Main, Kans Wujudkan Revans
Jalannya pertandingan
Anthony Ginting memiliki modal apik untuk menghadapi Lee Zii Jia. Dia unggul secara peringkat maupun rekor pertemuan."
3,11 Siswa MTs Harapan Baru Ciamis Tewas Saat Susur Sungai Kegiatan Pramuka,https://regional.kompas.com/read/2021/10/15/220738978/11-siswa-mts-harapan-baru-ciamis-tewas-saat-susur-sungai-kegiatan-pramuka,Dibaca 17.381 kali,"CIAMIS, KOMPAS.com - Sebanyak 11 siswa MTs Harapan Baru Cijantung, Kabupaten Ciamis, Jawa Barat, meninggal saat kegiatan pramuka susur sungai di Sungai Cileueur, tepatnya di Dusun Wetan RT 01/RW 01, Desa Utama, Kecamatan Cijeungjing, Kabupaten Ciamis, Jawa Barat, Jumat (15/10/2021) sore.
""Yang kena musibah dinyatakan meninggal dunia ada 11 orang. Terdiri dari delapan laki-laki dan tiga perempuan,"" ujar Bupati Ciamis Herdiat Sunarya, kepada wartawan di RSUD Ciamis, Jumat malam.
Baca juga: 11 dari 150 Siswa MTs Harapan Baru Ciamis Tewas Tenggelam Saat Susur Sungai Kegiatan Pramuka
Herdiat mengatakan, sudah mengonfirmasi kepada pihak sekolah ihwal jumlah peserta kegiatan susur sungai dan kepanduan tersebut.
    
        
            googletag.cmd.push(function() { googletag.display('div-gpt-ad-974648810682144181-5112'); });
        
    

Baca juga: Status PNS 2 Terdakwa Kasus Susur Sungai Sempor Bakal Dipulihkan Usai Dihukum
Data pihak sekolah, ada 150 peserta yang ikut kegiatan ini. Sementara yang kembali berjumlah 139 orang.
""Saya sudah lihat ke lapangan dan konfirmasi ke sekolah walaupun baru sementara,"" kata Herdiat.Dapatkan informasi, inspirasi dan insight di email kamu.Daftarkan email

 

    function getCookieNwsLetter(name){
        var re = new RegExp(name + ""=([^;]+)"");
        var value = re.exec(document.cookie);
        return (value != null) ? unescape(value[1]) : null;
    }
    
    function nwsLetterSubmit() { 
        var token = getCookieNwsLetter(""kmp_uid"");
        if (token !== null){
            window.location.href = ""https://www.kompas.com/newsletter/pendaftaran-berhasil"";
        }else{
            window.location.href = 'https://account.kompas.com/login/a29tcGFz/aHR0cHM6Ly93d3cua29tcGFzLmNvbS9uZXdzbGV0dGVyL3BlbmRhZnRhcmFuLWJlcmhhc2ls?source=gatenewsletter-kompascom&medium=kompas.com'; 
        }
    }



Kondisi aliran sungai, menurut dia, cukup tenang. Hanya saja, lokasi para korban tenggelam merupakan muara dari dua aliran sungai."
4,"Hasil Piala Thomas: Berjuang dengan Jari Terluka,  Marcus/Kevin Bawa Indonesia Unggul 2-0",https://www.kompas.com/badminton/read/2021/10/15/20503838/hasil-piala-thomas-berjuang-dengan-jari-terluka-marcus-kevin-bawa,Dibaca 15.642 kali,"KOMPAS.com - Marcus Fernaldi Gideon/Kevin Sanjaya Sukamuljo berhasil meraih kemenangan kala bersua Aaron Chia Soh Wooi Yik pada partai kedua perempat final Piala Thomas 2020 Indonesia vs Malaysia.
Duel antara Marcus Fernaldi Gideon/Kevin Sanjaya Sukamuljo dan Aaron Chia/Soh Wooi Yik itu berlangsung di Ceres Arena, Aarhus, Denmark, pada Jumat (15/10/2021) malam WIB.
Hasilnya, Marcus/Kevin menang rubber game dengan skor 21-17, 16-21, dan 21-15. Mereka mengakhiri perlawanan Aaron Chia/Soh Wooi Yik dalam durasi 63 menit
Selama berjuang di lapangan, Marcus Fernaldi sempat mengalami luka di jarinya. Dia pun mendapat perawatan sebelum melanjutkan permainan bersama Kevin Sanjaya dan menyumbangkan poin untuk Indonesia.
Kemenangan Marcus/Kevin membawa tim Thomas Indonesia unggul 2-0 atas Malaysia.
Sebelumnya, Indonesia berhasil membuka raihan poin berkat kemenangan Anthony Sinisuka Ginting di sektor tunggal putra.
Setelah ini, laga Indonesia vs Malaysia pada perempat final Piala Thomas 2020 akan berlanjut ke partai ketiga.Dapatkan informasi, inspirasi dan insight di email kamu.Daftarkan email

 

    function getCookieNwsLetter(name){
        var re = new RegExp(name + ""=([^;]+)"");
        var value = re.exec(document.cookie);
        return (value != null) ? unescape(value[1]) : null;
    }
    
    function nwsLetterSubmit() { 
        var token = getCookieNwsLetter(""kmp_uid"");
        if (token !== null){
            window.location.href = ""https://www.kompas.com/newsletter/pendaftaran-berhasil"";
        }else{
            window.location.href = 'https://account.kompas.com/login/a29tcGFz/aHR0cHM6Ly93d3cua29tcGFzLmNvbS9uZXdzbGV0dGVyL3BlbmRhZnRhcmFuLWJlcmhhc2ls?source=gatenewsletter-kompascom&medium=kompas.com'; 
        }
    }



Pada partai ketiga, Indonesia menurunkan Jonatan Christie, sedangkan Malaysia akan diwakilkan oleh Ng Tze Yong.
Baca juga: Hasil Piala Thomas: Anthony Ginting Berhasil Revans, Indonesia Vs Malaysia 1-0
Jalannya pertandingan
Marcus/Kevin selaku ganda putra ranking satu dunia dibayangi catatan buruk menjelang pertemuan kontra Aaron Chia/Soh Wooi Yik."
5,"Harga Tanah Selangit, Jakarta Makin Tak Terjangkau Kelas Menengah Bawah ",https://www.kompas.com/properti/read/2021/10/15/203000421/harga-tanah-selangit-jakarta-makin-tak-terjangkau-kelas-menengah-bawah-,Dibaca 9.610 kali,"JAKARTA, KOMPAS.com - Housing backlog atau kebutuhan rumah di Indonesia masih tinggi. Kondisi ini diperparah dengan harga lahan untuk rumah yang makin melangit.
Akibatnya, masyarakat menengah ke bawah tak lagi dapat menjangkau rumah-rumah di pusat kota yang dekat dengan aktivitas sehari-hari.Dapatkan informasi, inspirasi dan insight di email kamu.Daftarkan email

 

    function getCookieNwsLetter(name){
        var re = new RegExp(name + ""=([^;]+)"");
        var value = re.exec(document.cookie);
        return (value != null) ? unescape(value[1]) : null;
    }
    
    function nwsLetterSubmit() { 
        var token = getCookieNwsLetter(""kmp_uid"");
        if (token !== null){
            window.location.href = ""https://www.kompas.com/newsletter/pendaftaran-berhasil"";
        }else{
            window.location.href = 'https://account.kompas.com/login/a29tcGFz/aHR0cHM6Ly93d3cua29tcGFzLmNvbS9uZXdzbGV0dGVyL3BlbmRhZnRhcmFuLWJlcmhhc2ls?source=gatenewsletter-kompascom&medium=kompas.com'; 
        }
    }



Terlebih di Jakarta, sebagai ibu kota sekaligus pusat bisnis, keuangan, komersial, dan benchmark pembangunan Indonesia.
Menurut data Kementerian Pekerjaan Umum dan Perumahan Rakyat (PUPR), hingga 30 September 2021, angka backlog perumahan atau kesenjangan antara ketersediaan dan kebutuhan mencapai tidak kurang dari 11 juta unit.
""Kondisi housing backlog memang sangat serius dan tidak realistis,"" kata Chairperson of Green Building Council Indonesia Iwan Priyanto dalam diskusi virtual Indonesia Housing Forum, Kamis (14/10/2021).
Iwan menjelaskan, berdasarkan data Kementerian ATR/BPN, terdapat peta sebaran terkait nilai bidang tanah yang digunakan untuk membangun rumah.
""Ini peta sebaran harga tanah dari BPN, biasanya harga BPN di atas Nilai Jual Objek Pajak (NJOP), tapi di bawah harga pasar,"" ujarnya.
Baca juga: Harga Rumah di Bandung, Denpasar, dan Jakarta Lebih Mahal Dibanding New York dan Tokyo
Untuk wilayah dengan warna hijau muda, harga tanah berada pada kisaran Rp 100.000-Rp 500.000 per meter persegi. Itupun berada di wilayah pinggiran Jakarta dan luasannya sangat kecil.
Sementara, wilayah yang berwarna hijau tua nilainya sekitar Rp 500.000 hingga Rp 1 juta per meter peregi.
Adapun wilayah Jakarta didominasi warna hijau tua hingga coklat. Praktis, harganya semakin mahal."
6,Polri: Karyawan Sindikat Pinjol Ilegal Digaji Rp 15 Juta-Rp 20 Juta Tiap Bulan,https://nasional.kompas.com/read/2021/10/15/21111741/polri-karyawan-sindikat-pinjol-ilegal-digaji-rp-15-juta-rp-20-juta-tiap,Dibaca 8.899 kali,"JAKARTA, KOMPAS.com - Direktur Tindak Pidana Ekonomi Khusus Bareskrim Polri Brigjen (Pol) Helmy Santika mengungkapkan, karyawan sindikat pinjaman online ilegal yang berperan sebagai debt collector dan SMS blaster digaji Rp 15 juta-Rp 20 juta sebulan. Selain itu, para karyawan tersebut difasilitasi tempat tinggal. ""Gaji antara Rp 15 juta-Rp 20 juta per bulan dan untuk tempat tinggal, akomodasi disiapkan oleh si pendana,"" kata Helmy di Bareskrim Polri, Jakarta, Jumat (15/10/2021).
Baca juga: OJK Imbau Masyarakat Meminjam ke Pinjol Resmi yang Terdaftar
    
        
            googletag.cmd.push(function() { googletag.display('div-gpt-ad-974648810682144181-5112'); });
        
    
 Pemodal dari perusahaan ini adalah seorang warga negara asing berinisal ZJ. Ia beralamat di Tangerang, Banten.
Namun, ZJ saat ini masuk dalam daftar pencarian orang (DPO). ""Pendana atas nama ZJ,"" ucap Helmy.Dapatkan informasi, inspirasi dan insight di email kamu.Daftarkan email

 

    function getCookieNwsLetter(name){
        var re = new RegExp(name + ""=([^;]+)"");
        var value = re.exec(document.cookie);
        return (value != null) ? unescape(value[1]) : null;
    }
    
    function nwsLetterSubmit() { 
        var token = getCookieNwsLetter(""kmp_uid"");
        if (token !== null){
            window.location.href = ""https://www.kompas.com/newsletter/pendaftaran-berhasil"";
        }else{
            window.location.href = 'https://account.kompas.com/login/a29tcGFz/aHR0cHM6Ly93d3cua29tcGFzLmNvbS9uZXdzbGV0dGVyL3BlbmRhZnRhcmFuLWJlcmhhc2ls?source=gatenewsletter-kompascom&medium=kompas.com'; 
        }
    }


 Helmy menyampaikan, polisi masih terus mendalami perusahaan didanai ZJ. Menurut dia, alat-alat yang digunakan ZJ untuk para karyawan berasal dari luar negeri. ""Tentu kami akan mempelajari semua, bagaimana peralatan ini bekerja, dari mana. Tentu kami bekerja sama (dengan Bea Cukai), karena ini bukan buatan dalam negeri,"" ujar dia.
Baca juga: Sejak 2018, Kominfo Tutup 4.874 Akun Pinjol Ilegal
Penyidik Bareskrim Polri menangkap tujuh orang di tujuh lokasi berbeda di Jakarta dalam kasus ini. Adapun tujuh orang tersebut sebagai debt collector dan operator SMS blasting. Para tersangka dijerat dengan Pasal 45B Jo Pasal 29 dan/atau Pasal 45 Ayat (1) Jo Pasal 27 Ayat (1) dan/atau Pasal 45 Ayat (3) Jo Pasal 27 Ayat (3) dan/atau Pasal 45 Ayat (4) Jo Pasal 27 Ayat (4) dan/atau Pasal 51 Ayat (1) Jo Pasal 35 UU Nomor 19 Tahun 2016 tentang Informasi dan Transaksi Elektronik (ITE) dan/atau Pasal 3, Pasal 4, dan Pasal 5 UU Nomor Tahun 2010 tentang Pencegahan dan Pemberantasan Tindak Pidana Pencucian Uang dan/atau Pasal 311 Ayat (1) KUHP Jo Pasal 55 Ayat (1) Ke-1 KUHP.Dapatkan update berita pilihan dan breaking news setiap hari dari Kompas.com. Mari bergabung di Grup Telegram ""Kompas.com News Update"", caranya klik link https://t.me/kompascomupdate, kemudian join. Anda harus install aplikasi Telegram terlebih dulu di ponsel."
7,"Hasil Piala Thomas: Atasi Perlawanan India, Denmark Susul Indonesia ke Semifinal",https://www.kompas.com/badminton/read/2021/10/16/00022558/hasil-piala-thomas-atasi-perlawanan-india-denmark-susul-indonesia-ke,Dibaca 4.588 kali,"KOMPAS.com - Tim bulu tangkis putra Denmark berhasil mengatasi perlawanan India pada perempat final atau 8 besar Piala Thomas 2020.
Laga Denmark vs India yang digelar di Lapangan 1 Ceres Arena, Aarhus, Denmark, pada Jumat (15/10/2021) malam WIB itu berakhir dengan skor 3-1.
Denmark memastikan kemenangan atas India berkat poin yang disumbangkan oleh Viktor Axelsen, Anders Antonsen, dan pasangan Mathias Christiansen/Frederik Sogaard.
Sementara itu, India yang sempat menyamakan kedudukan memperoleh poin dari pasangan Satwiksairaj Rankireddy/Chirag Shetty.
Baca juga: Drawing 8 Besar Piala Thomas: Indonesia Jumpa Malaysia, Potensi Lawan Denmark di Semifinal
Setelah mengatasi perlawanan India, Denmark berhak lolos ke semifinal Piala Thomas 2020.
Denmark menyusul tim Thomas Indonesia yang lebih dulu memastikan tiket semifinal seusai menang 3-0 atas Malaysia.Dapatkan informasi, inspirasi dan insight di email kamu.Daftarkan email

 

    function getCookieNwsLetter(name){
        var re = new RegExp(name + ""=([^;]+)"");
        var value = re.exec(document.cookie);
        return (value != null) ? unescape(value[1]) : null;
    }
    
    function nwsLetterSubmit() { 
        var token = getCookieNwsLetter(""kmp_uid"");
        if (token !== null){
            window.location.href = ""https://www.kompas.com/newsletter/pendaftaran-berhasil"";
        }else{
            window.location.href = 'https://account.kompas.com/login/a29tcGFz/aHR0cHM6Ly93d3cua29tcGFzLmNvbS9uZXdzbGV0dGVyL3BlbmRhZnRhcmFuLWJlcmhhc2ls?source=gatenewsletter-kompascom&medium=kompas.com'; 
        }
    }



Indonesia menang berkat tiga poin beruntun yang disumbangkan oleh Anthony Sinisuka Ginting, Jonatan Christie, dan pasangan Marcus Fernaldi Gideon/Kevin Sanjaya Sukamuljo.
Denmark dan Indonesia kemudian bakal berhadapan pada semifinal Piala Thomas 2020.
Baca juga: Hasil Piala Thomas: Lalui Drama 75 Menit, Jojo Bawa Indonesia Menang 3-0 atas Malaysia 
Berdasarkan jadwal, duel antara Indonesia dan tuan rumah Denmark pada semifinal turnamen beregu putra itu akan dihelat di Ceres Arena, Sabtu (16/10/2021) pukul 18.00 WIB.
Laga Indonesia vs Denmark bakal digelar bersamaan dengan duel antara semifinalis lain, yakni China dan Jepang.
China lolos ke semifinal Piala Thomas 2020 setelah menang 3-0 atas Thailand.
Sementara itu, Jepang lolos setelah mengalahkan Korea Selatan dengan skor 3-2.
Berikut hasil perempat final Piala Thomas 2020, Denmark vs India:
Denmark vs India (3-1)

Tunggal putra 1: Viktor Axelsen vs Kidambi Srikanth (21-12, 21-13)
Ganda putra 1: Kim Astrup/Anders Skaarup Rasmussen vs Satwiksairaj Rankireddy/Chirag Shetty (15-21, 21-17, 18-21)
Tunggal putra 2: Anders Antonsen vs Sai Praneeth (21-18, 21-15)
Ganda putra 2: Mathias Christiansen/Frederik Sogaard vs M R Arjun/Dhruv Kapila (21-16, 21-9)
Dapatkan update berita pilihan dan breaking news setiap hari dari Kompas.com. Mari bergabung di Grup Telegram ""Kompas.com News Update"", caranya klik link https://t.me/kompascomupdate, kemudian join. Anda harus install aplikasi Telegram terlebih dulu di ponsel."
8,Google Hapus Aplikasi Pinjol Ilegal dari Play Store Jika Diminta Pemerintah,https://tekno.kompas.com/read/2021/10/15/19290047/google-hapus-aplikasi-pinjol-ilegal-dari-play-store-jika-diminta-pemerintah,Dibaca 4.508 kali,"KOMPAS.com - Kementerian Komunikasi dan Informatika (Kemenkominfo) belum lama ini mengatakan telah menghapus 151 platform pinjaman online (pinjol) ilegal. Kendati demikian, beberapa aplikasi pinjol ilegal masih dijumpai di toko aplikasi Google Play Store.
Dari temuan KompasTekno, masih ada segelintir aplikasi pinjol yang tidak terdaftar di Otoritas Jasa Keuangan (OJK) yang mudah ditemukan di Google Play Store. Meskipun demikian, aplikasi tersebut tidak bisa diunduh.
Terkait aplikasi pinjol ilegal yang masih bisa ditemukan di Play Store, Google mengatakan, pihaknya tidak bisa langsung menghapusnya dari toko aplikasi.
Google menegaskan, tindakan pembatasan dan penghapusan aplikasi baru bisa dilakukan setelah ada permintaan dari pemerintah, dan sudah melalui peninjauan menyeluruh.
""Kami mengandalkan pemerintah untuk memberi tahu kami tentang konten yang mereka yakini ilegal melalui proses resmi, dan akan membatasi sebagaimana mestinya setelah peninjauan menyeluruh,"" jelas perwakilan Google dihubungi KompasTekno, Jumat (20/8/2021).
Baca juga: Google Play Store Hanya Izinkan Aplikasi Milik Pinjol yang Terdaftar di OJK 
Memperketat izin daftar aplikasi pinjaman
Selain menunggu instruksi pemerintah terkait penghapusan aplikasi, Google juga memperketat izin pendaftaran aplikasi pinjaman pribadi yang beredar di Play Store.Dapatkan informasi, inspirasi dan insight di email kamu.Daftarkan email

 

    function getCookieNwsLetter(name){
        var re = new RegExp(name + ""=([^;]+)"");
        var value = re.exec(document.cookie);
        return (value != null) ? unescape(value[1]) : null;
    }
    
    function nwsLetterSubmit() { 
        var token = getCookieNwsLetter(""kmp_uid"");
        if (token !== null){
            window.location.href = ""https://www.kompas.com/newsletter/pendaftaran-berhasil"";
        }else{
            window.location.href = 'https://account.kompas.com/login/a29tcGFz/aHR0cHM6Ly93d3cua29tcGFzLmNvbS9uZXdzbGV0dGVyL3BlbmRhZnRhcmFuLWJlcmhhc2ls?source=gatenewsletter-kompascom&medium=kompas.com'; 
        }
    }



Mulai 28 Juli, Google hanya akan mengizinkan aplikasi pinjaman pribadi yang diberi lisensi oleh, atau terdaftar di OJK. Pengembang aplikasi harus menyertakan dokumentasi OJK sebagai bukti.
""Sesuai dengan kebijakan kami, harus ada nomor yang terdaftar di OJK atau minimal nomor registrasi pendaftaran ke OJK,"" jelas perwakilan Google Indonesia ketika dihubungi KompasTekno melalui pesan singkat, Jumat (15/10/2021).
Kebijakan ini ada di laman Pusat Kebijakan Jasa Keuangan Pinjaman Pribadi Google. Aturan ini berlaku khusus di wilayah India dan Indonesia.
Dengan adanya kebijakan ini, jika ada aplikasi pinjaman online yang dinilai melanggar aturan, maka Google akan melakukan ""penegakan""."
9,Saat Soeharto Tolak Gelar Doktor Honoris Causa dari UI...,https://nasional.kompas.com/read/2021/10/15/19321411/saat-soeharto-tolak-gelar-doktor-honoris-causa-dari-ui,Dibaca 3.203 kali,"JAKARTA, KOMPAS.com - Presiden kedua RI Soeharto pernah menolak pemberian gelar doktor honoris causa yang akan diberikan oleh Universitas Indonesia (UI).
Dikutip dari Harian Kompas yang terbit pada 1 Agustus 1975, kala itu Pimpinan UI datang menemui Soeharto di Kompleks Istana Kepresidenan, Jakarta, pada 30 Juli 1975.
Kedatangan mereka ke kantor Soeharto yang saat itu terletak di Gedung Bina Graha mulanya bermaksud menyampaikan kepada Presiden bahwa UI akan menganugerahkan gelar doktor honoris causa kepada Wakil Presiden kedua RI Mohammad Hatta dan juga Soeharto.
    
        
            googletag.cmd.push(function() { googletag.display('div-gpt-ad-974648810682144181-5112'); });
        
    

Baca juga: Aliansi Dosen UNJ Tolak Pengajuan Kembali Gelar Doktor Honoris Causa Maruf Amin dan Erick Thohir
Mereka yang menghadap Soeharto ketika itu ialah Rektor UI Mahar Mardjono, Dekan Fakultas Kedokteran UI Djamaluddin, Dekan Fakultas Psikologi UI Fuad Hasan, Dekan Fakultas Ilmu-ilmu Sosial Miriam Budiardjo, serta Pembantu Rektor bidang Mahasiswa Slamet Iman Santoso serta Sri Edi Swasono.
Namun, dalam pertemuan tersebut, Soeharto menolak secara halus. Mulanya ia menyampaikan terima kasih kepada para pimpinan UI yang menghadapnya atas rencanan pemberian gelar doktor honoris causa.
Usai menyampaikan rasa terima kasih, Soeharto menyatakan saat itu bukan waktu yang tepat bagi UI untuk menganugerahinya gelar doktor honoris causa.Dapatkan informasi, inspirasi dan insight di email kamu.Daftarkan email

 

    function getCookieNwsLetter(name){
        var re = new RegExp(name + ""=([^;]+)"");
        var value = re.exec(document.cookie);
        return (value != null) ? unescape(value[1]) : null;
    }
    
    function nwsLetterSubmit() { 
        var token = getCookieNwsLetter(""kmp_uid"");
        if (token !== null){
            window.location.href = ""https://www.kompas.com/newsletter/pendaftaran-berhasil"";
        }else{
            window.location.href = 'https://account.kompas.com/login/a29tcGFz/aHR0cHM6Ly93d3cua29tcGFzLmNvbS9uZXdzbGV0dGVyL3BlbmRhZnRhcmFuLWJlcmhhc2ls?source=gatenewsletter-kompascom&medium=kompas.com'; 
        }
    }



""Presiden menyatakan sebaiknya pelaksanaan pemberian penghargaan itu dilakukan oleh UI pada waktu yang tepat di kemudian hari,"" demikian pernyataan Soeharto dikutip dari berita Harian Kompas.
Baca juga: Aliansi Dosen UNJ Tolak Pemberian Gelar Doktor Honoris Causa Maruf Amin dan Erick Thohir
Pada akhirnya UI hanya memberikan gelar doktor honoris causa bidang ilmu hukum konstitusi kepada Bung Hatta. Gelar tersebut dianugerahkan kepada Bung Hatta pada 30 Agustus 1975.Dapatkan update berita pilihan dan breaking news setiap hari dari Kompas.com. Mari bergabung di Grup Telegram ""Kompas.com News Update"", caranya klik link https://t.me/kompascomupdate, kemudian join. Anda harus install aplikasi Telegram terlebih dulu di ponsel."
10,Indonesia Punya Utang Tersembunyi ke China? Ini Kata Stafsus Sri Mulyani,https://money.kompas.com/read/2021/10/15/183400226/indonesia-punya-utang-tersembunyi-ke-china-ini-kata-stafsus-sri-mulyani,Dibaca 3.203 kali,"JAKARTA, KOMPAS.com - Indonesia tercatat memiliki utang tersembunyi dengan China sebesar 17,28 miliar dollar AS. Angka ini setara dengan Rp 245,3 triliun (kurs Rp 14.200/dollar AS).
Utang tersembunyi itu disampaikan oleh AidData, sebuah lembaga riset internasional lewat laporan ""Banking on the Belt and Road: Insight from a new global dataset of 13.427 Chinese Development Projects.
Menanggapi hal itu, Staf Khusus Menteri Keuangan, Yustinus Prastowo menjelaskan, utang tersembunyi (hidden debt) yang tercantum dalam AidData bukan berarti pemerintah tidak melaporkan utang alias sembunyi-sembunyi berutang.
Baca juga: Sama-sama Beri Utang ke Negara, Apa Beda IMF dan Bank Dunia?
Hidden debt adalah utang nonpemerintah. Tapi jika terjadi wanprestasi, maka berisiko kepada pemerintah.
""Saya klarifikasi sejak awal. Hidden debt versi AidData tak dimaksudkan sebagai utang yang tak dilaporkan atau disembunyikan. Jadi di titik ini kita sepakat, ini bukan isu transparansi,"" kata Yustinus dalam akun Twitternya, @prastow, Jumat (15/10/2021).
Yustinus menjelaskan, utang tersebut dihasilkan melalui skema Business to Business (B-to-B) yang dilakukan dengan BUMN, bank milik negara, Special Purpose Vehicle (SPV) maupun perusahaan patungan dan swasta.Dapatkan informasi, inspirasi dan insight di email kamu.Daftarkan email

 

    function getCookieNwsLetter(name){
        var re = new RegExp(name + ""=([^;]+)"");
        var value = re.exec(document.cookie);
        return (value != null) ? unescape(value[1]) : null;
    }
    
    function nwsLetterSubmit() { 
        var token = getCookieNwsLetter(""kmp_uid"");
        if (token !== null){
            window.location.href = ""https://www.kompas.com/newsletter/pendaftaran-berhasil"";
        }else{
            window.location.href = 'https://account.kompas.com/login/a29tcGFz/aHR0cHM6Ly93d3cua29tcGFzLmNvbS9uZXdzbGV0dGVyL3BlbmRhZnRhcmFuLWJlcmhhc2ls?source=gatenewsletter-kompascom&medium=kompas.com'; 
        }
    }



Karena utang B-to-B, utang ini tidak tercatat sebagai utang pemerintah. Utang pun bukan bagian dari utang yang dikelola pemerintah. Maka kata dia, utang ini sepenuhnya menjadi tanggung jawab badan usaha yang meminjam.
""Ini sepenuhnya menjadi tanggung jawab mereka. Meski demikian, tata kelola kita kredibel dan akuntabel soal ini,"" ungkap Yustinus.
Dia mengungkapkan, penarikan utang luar negeri (ULN) yang dilakukan oleh pemerintah maupun badan usaha selalu tercatat dalam Statistik Utang. Luar Negeri Indonesia (SULNI). Semua data statistik ini dapat diakses oleh publik.
Berdasarkan data SULNI per akhir Juli 2021, total ULN Indonesia dari China sebesar 21,12 miliar dollar AS. Utang tersebut terdiri dari utang yang dikelola Pemerintah sebesar 1,66 miliar dollar AS atau 0,8 persen dari total ULN Pemerintah, serta utang BUMN dan swasta dengan total mencapai 19,46 miliar dollar AS.
SULNI kata Yustinus, disusun dan dipublikasikan secara bulanan oleh Bank Indonesia bersama Kementerian Keuangan. Clear dan transparan.
""Semua ULN yang masuk ke Indonesia tercatat dalam SULNI dan informasinya dapat diakses oleh publik. Tak ada yang disembunyikan atau sembunyi-sembunyi,"" tukas Yustinus.
Lebih lanjut dia menyatakan, utang BUMN yang dijamin pemerintah dianggap sebagai kewajiban kontinjensi Pemerintah. Namun perlu diingat, kewajiban kontinjensi tidak akan menjadi beban yang harus dibayarkan pemerintah, sepanjang mitigasi risiko default dijalankan.
Baca juga: Ditagih Utang BLBI Rp 3 Triliun, Besan Setya Novanto Gugat Pemerintah"
